Sum,Kemungkinan (dari 36),Probabilitas Teoretis,Probabilitas Empiris,Galat Absolut,Galat Relatif (%)
2,1,0.027777777777777776,0.027437,0.00034077777777777665,1.226799999999996
3,2,0.05555555555555555,0.055544,1.155555555554938e-05,0.020799999999988883
4,3,0.08333333333333333,0.083627,0.0002936666666666782,0.3524000000000138
5,4,0.1111111111111111,0.110789,0.00032211111111110635,0.2898999999999957
6,5,0.1388888888888889,0.139488,0.0005991111111111058,0.4313599999999962
7,6,0.16666666666666666,0.166445,0.0002216666666666478,0.13299999999998868
8,5,0.1388888888888889,0.139289,0.0004001111111111011,0.2880799999999928
9,4,0.1111111111111111,0.111227,0.00011588888888890148,0.10430000000001133
10,3,0.08333333333333333,0.082888,0.00044533333333332537,0.5343999999999904
11,2,0.05555555555555555,0.055387,0.00016855555555555374,0.30339999999999673
12,1,0.027777777777777776,0.027879,0.00010122222222222477,0.36440000000000916
